{
  "project_info": {
    "project_number": "651456349939",
    "project_id": "silkway-transit-ea218",
    "storage_bucket": "silkway-transit-ea218.appspot.com"
  },
  "client": [
    {
      "client_info": {
        "mobilesdk_app_id": "1:651456349939:android:39314b8d9b9f55c7419986",
        "android_client_info": {
          "package_name": "com.example.silkwaytransit"
        }
      },
      "oauth_client": [
        {
          "client_id": "651456349939-2o76hmb4alhedpbgi9j1t747nhv2rq71.apps.googleusercontent.com",
          "client_type": 3
        }
      ],
      "api_key": [
        {
          "current_key": "AIzaSyDLLcmRlzXie7vqA5JHvl-zBtiU9mzC9ek"
        }
      ],
      "services": {
        "appinvite_service": {
          "other_platform_oauth_client": [
            {
              "client_id": "651456349939-2o76hmb4alhedpbgi9j1t747nhv2rq71.apps.googleusercontent.com",
              "client_type": 3
            }
          ]
        }
      }
    }
  ],
  "configuration_version": "1"
}